#flow_id,protocol,first_seen,last_seen,duration,src_ip,src_port,dst_ip,dst_port,ndpi_proto_num,ndpi_proto,server_name_sni,c_to_s_pkts,c_to_s_bytes,c_to_s_goodput_bytes,s_to_c_pkts,s_to_c_bytes,s_to_c_goodput_bytes,data_ratio,str_data_ratio,c_to_s_goodput_ratio,s_to_c_goodput_ratio,iat_flow_min,iat_flow_avg,iat_flow_max,iat_flow_stddev,iat_c_to_s_min,iat_c_to_s_avg,iat_c_to_s_max,iat_c_to_s_stddev,iat_s_to_c_min,iat_s_to_c_avg,iat_s_to_c_max,iat_s_to_c_stddev,pktlen_c_to_s_min,pktlen_c_to_s_avg,pktlen_c_to_s_max,pktlen_c_to_s_stddev,pktlen_s_to_c_min,pktlen_s_to_c_avg,pktlen_s_to_c_max,pktlen_s_to_c_stddev,cwr,ece,urg,ack,psh,rst,syn,fin,c_to_s_cwr,c_to_s_ece,c_to_s_urg,c_to_s_ack,c_to_s_psh,c_to_s_rst,c_to_s_syn,c_to_s_fin,s_to_c_cwr,s_to_c_ece,s_to_c_urg,s_to_c_ack,s_to_c_psh,s_to_c_rst,s_to_c_syn,s_to_c_fin,c_to_s_init_win,s_to_c_init_win,server_info,tls_version,ja3c,tls_client_unsafe,ja3s,tls_server_unsafe,tls_alpn,tls_supported_versions,ssh_client_hassh,ssh_server_hassh,flow_info,plen_bins
10,6,1768845507.572,1768845507.572,0.000,172.18.135.185,39952,192.168.1.100,80,7,HTTP,,1,54,0,0,0,0,1.000,Upload,0.0,0.0,0,0.0,0,0.0,0,0.0,0,0.0,0,0.0,0,0.0,54,54.0,54,0.0,0,0.0,0,0.0,0,0,0,0,0,0,1,0,0,0,0,0,0,0,1,0,0,0,0,0,0,0,1,0,54,0,,0,,0,,0,,,,,,0;0;0;0;0;0;0;0;0;0;0;0;0;0;0;0;0;0;0;0;0;0;0;0;0;0;0;0;0;0;0;0;0;0;0;0;0;0;0;0;0;0;0;0;0;0;0;0
37,6,1768845508.768,1768845508.768,0.000,172.18.135.185,41636,192.168.1.100,80,7,HTTP,,1,54,0,0,0,0,1.000,Upload,0.0,0.0,0,0.0,0,0.0,0,0.0,0,0.0,0,0.0,0,0.0,54,54.0,54,0.0,0,0.0,0,0.0,0,0,0,0,0,0,1,0,0,0,0,0,0,0,1,0,0,0,0,0,0,0,1,0,54,0,,0,,0,,0,,,,,,0;0;0;0;0;0;0;0;0;0;0;0;0;0;0;0;0;0;0;0;0;0;0;0;0;0;0;0;0;0;0;0;0;0;0;0;0;0;0;0;0;0;0;0;0;0;0;0
25,6,1768845508.228,1768845508.228,0.000,172.18.135.185,43474,192.168.1.100,80,7,HTTP,,1,54,0,0,0,0,1.000,Upload,0.0,0.0,0,0.0,0,0.0,0,0.0,0,0.0,0,0.0,0,0.0,54,54.0,54,0.0,0,0.0,0,0.0,0,0,0,0,0,0,1,0,0,0,0,0,0,0,1,0,0,0,0,0,0,0,1,0,54,0,,0,,0,,0,,,,,,0;0;0;0;0;0;0;0;0;0;0;0;0;0;0;0;0;0;0;0;0;0;0;0;0;0;0;0;0;0;0;0;0;0;0;0;0;0;0;0;0;0;0;0;0;0;0;0
14,6,1768845507.748,1768845507.748,0.000,172.18.135.185,43996,192.168.1.100,80,7,HTTP,,1,54,0,0,0,0,1.000,Upload,0.0,0.0,0,0.0,0,0.0,0,0.0,0,0.0,0,0.0,0,0.0,54,54.0,54,0.0,0,0.0,0,0.0,0,0,0,0,0,0,1,0,0,0,0,0,0,0,1,0,0,0,0,0,0,0,1,0,54,0,,0,,0,,0,,,,,,0;0;0;0;0;0;0;0;0;0;0;0;0;0;0;0;0;0;0;0;0;0;0;0;0;0;0;0;0;0;0;0;0;0;0;0;0;0;0;0;0;0;0;0;0;0;0;0
16,6,1768845507.848,1768845507.848,0.000,172.18.135.185,45022,192.168.1.100,80,7,HTTP,,1,54,0,0,0,0,1.000,Upload,0.0,0.0,0,0.0,0,0.0,0,0.0,0,0.0,0,0.0,0,0.0,54,54.0,54,0.0,0,0.0,0,0.0,0,0,0,0,0,0,1,0,0,0,0,0,0,0,1,0,0,0,0,0,0,0,1,0,54,0,,0,,0,,0,,,,,,0;0;0;0;0;0;0;0;0;0;0;0;0;0;0;0;0;0;0;0;0;0;0;0;0;0;0;0;0;0;0;0;0;0;0;0;0;0;0;0;0;0;0;0;0;0;0;0
21,6,1768845508.048,1768845508.048,0.000,172.18.135.185,45408,192.168.1.100,80,7,HTTP,,1,54,0,0,0,0,1.000,Upload,0.0,0.0,0,0.0,0,0.0,0,0.0,0,0.0,0,0.0,0,0.0,54,54.0,54,0.0,0,0.0,0,0.0,0,0,0,0,0,0,1,0,0,0,0,0,0,0,1,0,0,0,0,0,0,0,1,0,54,0,,0,,0,,0,,,,,,0;0;0;0;0;0;0;0;0;0;0;0;0;0;0;0;0;0;0;0;0;0;0;0;0;0;0;0;0;0;0;0;0;0;0;0;0;0;0;0;0;0;0;0;0;0;0;0
44,6,1768845509.080,1768845509.080,0.000,172.18.135.185,45476,192.168.1.100,80,7,HTTP,,1,54,0,0,0,0,1.000,Upload,0.0,0.0,0,0.0,0,0.0,0,0.0,0,0.0,0,0.0,0,0.0,54,54.0,54,0.0,0,0.0,0,0.0,0,0,0,0,0,0,1,0,0,0,0,0,0,0,1,0,0,0,0,0,0,0,1,0,54,0,,0,,0,,0,,,,,,0;0;0;0;0;0;0;0;0;0;0;0;0;0;0;0;0;0;0;0;0;0;0;0;0;0;0;0;0;0;0;0;0;0;0;0;0;0;0;0;0;0;0;0;0;0;0;0
53,6,1768845509.444,1768845509.444,0.000,172.18.135.185,46546,192.168.1.100,80,7,HTTP,,1,54,0,0,0,0,1.000,Upload,0.0,0.0,0,0.0,0,0.0,0,0.0,0,0.0,0,0.0,0,0.0,54,54.0,54,0.0,0,0.0,0,0.0,0,0,0,0,0,0,1,0,0,0,0,0,0,0,1,0,0,0,0,0,0,0,1,0,54,0,,0,,0,,0,,,,,,0;0;0;0;0;0;0;0;0;0;0;0;0;0;0;0;0;0;0;0;0;0;0;0;0;0;0;0;0;0;0;0;0;0;0;0;0;0;0;0;0;0;0;0;0;0;0;0
34,6,1768845508.624,1768845508.624,0.000,172.18.135.185,53728,192.168.1.100,80,7,HTTP,,1,54,0,0,0,0,1.000,Upload,0.0,0.0,0,0.0,0,0.0,0,0.0,0,0.0,0,0.0,0,0.0,54,54.0,54,0.0,0,0.0,0,0.0,0,0,0,0,0,0,1,0,0,0,0,0,0,0,1,0,0,0,0,0,0,0,1,0,54,0,,0,,0,,0,,,,,,0;0;0;0;0;0;0;0;0;0;0;0;0;0;0;0;0;0;0;0;0;0;0;0;0;0;0;0;0;0;0;0;0;0;0;0;0;0;0;0;0;0;0;0;0;0;0;0
35,6,1768845508.672,1768845508.672,0.000,172.18.135.185,53682,192.168.1.100,80,7,HTTP,,1,54,0,0,0,0,1.000,Upload,0.0,0.0,0,0.0,0,0.0,0,0.0,0,0.0,0,0.0,0,0.0,54,54.0,54,0.0,0,0.0,0,0.0,0,0,0,0,0,0,1,0,0,0,0,0,0,0,1,0,0,0,0,0,0,0,1,0,54,0,,0,,0,,0,,,,,,0;0;0;0;0;0;0;0;0;0;0;0;0;0;0;0;0;0;0;0;0;0;0;0;0;0;0;0;0;0;0;0;0;0;0;0;0;0;0;0;0;0;0;0;0;0;0;0
23,6,1768845508.140,1768845508.140,0.000,172.18.135.185,57554,192.168.1.100,80,7,HTTP,,1,54,0,0,0,0,1.000,Upload,0.0,0.0,0,0.0,0,0.0,0,0.0,0,0.0,0,0.0,0,0.0,54,54.0,54,0.0,0,0.0,0,0.0,0,0,0,0,0,0,1,0,0,0,0,0,0,0,1,0,0,0,0,0,0,0,1,0,54,0,,0,,0,,0,,,,,,0;0;0;0;0;0;0;0;0;0;0;0;0;0;0;0;0;0;0;0;0;0;0;0;0;0;0;0;0;0;0;0;0;0;0;0;0;0;0;0;0;0;0;0;0;0;0;0
4,6,1768845507.356,1768845507.356,0.000,172.18.135.185,61050,192.168.1.100,80,7,HTTP,,1,54,0,0,0,0,1.000,Upload,0.0,0.0,0,0.0,0,0.0,0,0.0,0,0.0,0,0.0,0,0.0,54,54.0,54,0.0,0,0.0,0,0.0,0,0,0,0,0,0,1,0,0,0,0,0,0,0,1,0,0,0,0,0,0,0,1,0,54,0,,0,,0,,0,,,,,,0;0;0;0;0;0;0;0;0;0;0;0;0;0;0;0;0;0;0;0;0;0;0;0;0;0;0;0;0;0;0;0;0;0;0;0;0;0;0;0;0;0;0;0;0;0;0;0
43,6,1768845509.040,1768845509.040,0.000,172.18.135.185,2151,192.168.1.100,80,7,HTTP,,1,54,0,0,0,0,1.000,Upload,0.0,0.0,0,0.0,0,0.0,0,0.0,0,0.0,0,0.0,0,0.0,54,54.0,54,0.0,0,0.0,0,0.0,0,0,0,0,0,0,1,0,0,0,0,0,0,0,1,0,0,0,0,0,0,0,1,0,54,0,,0,,0,,0,,,,,,0;0;0;0;0;0;0;0;0;0;0;0;0;0;0;0;0;0;0;0;0;0;0;0;0;0;0;0;0;0;0;0;0;0;0;0;0;0;0;0;0;0;0;0;0;0;0;0
49,6,1768845509.284,1768845509.284,0.000,172.18.135.185,3133,192.168.1.100,80,7,HTTP,,1,54,0,0,0,0,1.000,Upload,0.0,0.0,0,0.0,0,0.0,0,0.0,0,0.0,0,0.0,0,0.0,54,54.0,54,0.0,0,0.0,0,0.0,0,0,0,0,0,0,1,0,0,0,0,0,0,0,1,0,0,0,0,0,0,0,1,0,54,0,,0,,0,,0,,,,,,0;0;0;0;0;0;0;0;0;0;0;0;0;0;0;0;0;0;0;0;0;0;0;0;0;0;0;0;0;0;0;0;0;0;0;0;0;0;0;0;0;0;0;0;0;0;0;0
51,6,1768845509.362,1768845509.362,0.000,172.18.135.185,3769,192.168.1.100,80,7,HTTP,,1,54,0,0,0,0,1.000,Upload,0.0,0.0,0,0.0,0,0.0,0,0.0,0,0.0,0,0.0,0,0.0,54,54.0,54,0.0,0,0.0,0,0.0,0,0,0,0,0,0,1,0,0,0,0,0,0,0,1,0,0,0,0,0,0,0,1,0,54,0,,0,,0,,0,,,,,,0;0;0;0;0;0;0;0;0;0;0;0;0;0;0;0;0;0;0;0;0;0;0;0;0;0;0;0;0;0;0;0;0;0;0;0;0;0;0;0;0;0;0;0;0;0;0;0
48,6,1768845509.236,1768845509.236,0.000,172.18.135.185,4231,192.168.1.100,80,7,HTTP,,1,54,0,0,0,0,1.000,Upload,0.0,0.0,0,0.0,0,0.0,0,0.0,0,0.0,0,0.0,0,0.0,54,54.0,54,0.0,0,0.0,0,0.0,0,0,0,0,0,0,1,0,0,0,0,0,0,0,1,0,0,0,0,0,0,0,1,0,54,0,,0,,0,,0,,,,,,0;0;0;0;0;0;0;0;0;0;0;0;0;0;0;0;0;0;0;0;0;0;0;0;0;0;0;0;0;0;0;0;0;0;0;0;0;0;0;0;0;0;0;0;0;0;0;0
20,6,1768845508.012,1768845508.012,0.000,172.18.135.185,6525,192.168.1.100,80,7,HTTP,,1,54,0,0,0,0,1.000,Upload,0.0,0.0,0,0.0,0,0.0,0,0.0,0,0.0,0,0.0,0,0.0,54,54.0,54,0.0,0,0.0,0,0.0,0,0,0,0,0,0,1,0,0,0,0,0,0,0,1,0,0,0,0,0,0,0,1,0,54,0,,0,,0,,0,,,,,,0;0;0;0;0;0;0;0;0;0;0;0;0;0;0;0;0;0;0;0;0;0;0;0;0;0;0;0;0;0;0;0;0;0;0;0;0;0;0;0;0;0;0;0;0;0;0;0
41,6,1768845508.960,1768845508.960,0.000,172.18.135.185,7579,192.168.1.100,80,7,HTTP,,1,54,0,0,0,0,1.000,Upload,0.0,0.0,0,0.0,0,0.0,0,0.0,0,0.0,0,0.0,0,0.0,54,54.0,54,0.0,0,0.0,0,0.0,0,0,0,0,0,0,1,0,0,0,0,0,0,0,1,0,0,0,0,0,0,0,1,0,54,0,,0,,0,,0,,,,,,0;0;0;0;0;0;0;0;0;0;0;0;0;0;0;0;0;0;0;0;0;0;0;0;0;0;0;0;0;0;0;0;0;0;0;0;0;0;0;0;0;0;0;0;0;0;0;0
19,6,1768845507.968,1768845507.968,0.000,172.18.135.185,8053,192.168.1.100,80,7,HTTP,,1,54,0,0,0,0,1.000,Upload,0.0,0.0,0,0.0,0,0.0,0,0.0,0,0.0,0,0.0,0,0.0,54,54.0,54,0.0,0,0.0,0,0.0,0,0,0,0,0,0,1,0,0,0,0,0,0,0,1,0,0,0,0,0,0,0,1,0,54,0,,0,,0,,0,,,,,,0;0;0;0;0;0;0;0;0;0;0;0;0;0;0;0;0;0;0;0;0;0;0;0;0;0;0;0;0;0;0;0;0;0;0;0;0;0;0;0;0;0;0;0;0;0;0;0
33,6,1768845508.581,1768845508.581,0.000,172.18.135.185,7949,192.168.1.100,80,7,HTTP,,1,54,0,0,0,0,1.000,Upload,0.0,0.0,0,0.0,0,0.0,0,0.0,0,0.0,0,0.0,0,0.0,54,54.0,54,0.0,0,0.0,0,0.0,0,0,0,0,0,0,1,0,0,0,0,0,0,0,1,0,0,0,0,0,0,0,1,0,54,0,,0,,0,,0,,,,,,0;0;0;0;0;0;0;0;0;0;0;0;0;0;0;0;0;0;0;0;0;0;0;0;0;0;0;0;0;0;0;0;0;0;0;0;0;0;0;0;0;0;0;0;0;0;0;0
17,6,1768845507.892,1768845507.892,0.000,172.18.135.185,8243,192.168.1.100,80,7,HTTP,,1,54,0,0,0,0,1.000,Upload,0.0,0.0,0,0.0,0,0.0,0,0.0,0,0.0,0,0.0,0,0.0,54,54.0,54,0.0,0,0.0,0,0.0,0,0,0,0,0,0,1,0,0,0,0,0,0,0,1,0,0,0,0,0,0,0,1,0,54,0,,0,,0,,0,,,,,,0;0;0;0;0;0;0;0;0;0;0;0;0;0;0;0;0;0;0;0;0;0;0;0;0;0;0;0;0;0;0;0;0;0;0;0;0;0;0;0;0;0;0;0;0;0;0;0
29,6,1768845508.396,1768845508.396,0.000,172.18.135.185,12135,192.168.1.100,80,7,HTTP,,1,54,0,0,0,0,1.000,Upload,0.0,0.0,0,0.0,0,0.0,0,0.0,0,0.0,0,0.0,0,0.0,54,54.0,54,0.0,0,0.0,0,0.0,0,0,0,0,0,0,1,0,0,0,0,0,0,0,1,0,0,0,0,0,0,0,1,0,54,0,,0,,0,,0,,,,,,0;0;0;0;0;0;0;0;0;0;0;0;0;0;0;0;0;0;0;0;0;0;0;0;0;0;0;0;0;0;0;0;0;0;0;0;0;0;0;0;0;0;0;0;0;0;0;0
30,6,1768845508.436,1768845508.436,0.000,172.18.135.185,12841,192.168.1.100,80,7,HTTP,,1,54,0,0,0,0,1.000,Upload,0.0,0.0,0,0.0,0,0.0,0,0.0,0,0.0,0,0.0,0,0.0,54,54.0,54,0.0,0,0.0,0,0.0,0,0,0,0,0,0,1,0,0,0,0,0,0,0,1,0,0,0,0,0,0,0,1,0,54,0,,0,,0,,0,,,,,,0;0;0;0;0;0;0;0;0;0;0;0;0;0;0;0;0;0;0;0;0;0;0;0;0;0;0;0;0;0;0;0;0;0;0;0;0;0;0;0;0;0;0;0;0;0;0;0
18,6,1768845507.932,1768845507.932,0.000,172.18.135.185,17077,192.168.1.100,80,7,HTTP,,1,54,0,0,0,0,1.000,Upload,0.0,0.0,0,0.0,0,0.0,0,0.0,0,0.0,0,0.0,0,0.0,54,54.0,54,0.0,0,0.0,0,0.0,0,0,0,0,0,0,1,0,0,0,0,0,0,0,1,0,0,0,0,0,0,0,1,0,54,0,,0,,0,,0,,,,,,0;0;0;0;0;0;0;0;0;0;0;0;0;0;0;0;0;0;0;0;0;0;0;0;0;0;0;0;0;0;0;0;0;0;0;0;0;0;0;0;0;0;0;0;0;0;0;0
6,1,1768845507.396,1768845507.396,0.000,172.18.135.185,0,8.8.8.8,0,81,ICMP,,1,131,89,0,0,0,1.000,Upload,67.4,0.0,0,0.0,0,0.0,0,0.0,0,0.0,0,0.0,0,0.0,131,131.0,131,0.0,0,0.0,0,0.0,0,0,0,0,0,0,0,0,0,0,0,0,0,0,0,0,0,0,0,0,0,0,0,0,0,0,,0,,0,,0,,,,,,0;0;100;0;0;0;0;0;0;0;0;0;0;0;0;0;0;0;0;0;0;0;0;0;0;0;0;0;0;0;0;0;0;0;0;0;0;0;0;0;0;0;0;0;0;0;0;0
2,17,1768845507.265,1768845507.396,0.131,172.18.135.185,53,8.8.8.8,53,5.126,DNS.Google,example.com,1,71,29,1,103,61,-0.184,Mixed,40.3,58.7,131,131.0,131,0.0,0,0.0,0,0.0,0,0.0,0,0.0,71,71.0,71,0.0,103,103.0,103,0.0,0,0,0,0,0,0,0,0,0,0,0,0,0,0,0,0,0,0,0,0,0,0,0,0,0,0,,0,,0,,0,,,,,104.18.27.120,50;50;0;0;0;0;0;0;0;0;0;0;0;0;0;0;0;0;0;0;0;0;0;0;0;0;0;0;0;0;0;0;0;0;0;0;0;0;0;0;0;0;0;0;0;0;0;0
45,6,1768845509.120,1768845509.120,0.000,172.18.135.185,21617,192.168.1.100,80,7,HTTP,,1,54,0,0,0,0,1.000,Upload,0.0,0.0,0,0.0,0,0.0,0,0.0,0,0.0,0,0.0,0,0.0,54,54.0,54,0.0,0,0.0,0,0.0,0,0,0,0,0,0,1,0,0,0,0,0,0,0,1,0,0,0,0,0,0,0,1,0,54,0,,0,,0,,0,,,,,,0;0;0;0;0;0;0;0;0;0;0;0;0;0;0;0;0;0;0;0;0;0;0;0;0;0;0;0;0;0;0;0;0;0;0;0;0;0;0;0;0;0;0;0;0;0;0;0
9,6,1768845507.533,1768845507.533,0.000,172.18.135.185,22659,192.168.1.100,80,7,HTTP,,1,54,0,0,0,0,1.000,Upload,0.0,0.0,0,0.0,0,0.0,0,0.0,0,0.0,0,0.0,0,0.0,54,54.0,54,0.0,0,0.0,0,0.0,0,0,0,0,0,0,1,0,0,0,0,0,0,0,1,0,0,0,0,0,0,0,1,0,54,0,,0,,0,,0,,,,,,0;0;0;0;0;0;0;0;0;0;0;0;0;0;0;0;0;0;0;0;0;0;0;0;0;0;0;0;0;0;0;0;0;0;0;0;0;0;0;0;0;0;0;0;0;0;0;0
1,6,1768845506.967,1768845507.208,0.241,172.18.135.185,25745,192.168.1.100,80,7,HTTP,,7,878,500,0,0,0,1.000,Upload,56.9,0.0,32,39.5,52,6.8,32,39.5,52,6.8,0,0.0,0,0.0,54,125.4,154,45.2,0,0.0,0,0.0,0,0,0,6,5,0,1,1,0,0,0,6,5,0,1,1,0,0,0,6,5,0,1,1,54,0,,0,,0,,0,,,,,,0;0;0;100;0;0;0;0;0;0;0;0;0;0;0;0;0;0;0;0;0;0;0;0;0;0;0;0;0;0;0;0;0;0;0;0;0;0;0;0;0;0;0;0;0;0;0;0
40,6,1768845508.920,1768845508.920,0.000,172.18.135.185,30891,192.168.1.100,80,7,HTTP,,1,54,0,0,0,0,1.000,Upload,0.0,0.0,0,0.0,0,0.0,0,0.0,0,0.0,0,0.0,0,0.0,54,54.0,54,0.0,0,0.0,0,0.0,0,0,0,0,0,0,1,0,0,0,0,0,0,0,1,0,0,0,0,0,0,0,1,0,54,0,,0,,0,,0,,,,,,0;0;0;0;0;0;0;0;0;0;0;0;0;0;0;0;0;0;0;0;0;0;0;0;0;0;0;0;0;0;0;0;0;0;0;0;0;0;0;0;0;0;0;0;0;0;0;0
28,6,1768845508.356,1768845508.356,0.000,172.18.135.185,33851,192.168.1.100,80,7,HTTP,,1,54,0,0,0,0,1.000,Upload,0.0,0.0,0,0.0,0,0.0,0,0.0,0,0.0,0,0.0,0,0.0,54,54.0,54,0.0,0,0.0,0,0.0,0,0,0,0,0,0,1,0,0,0,0,0,0,0,1,0,0,0,0,0,0,0,1,0,54,0,,0,,0,,0,,,,,,0;0;0;0;0;0;0;0;0;0;0;0;0;0;0;0;0;0;0;0;0;0;0;0;0;0;0;0;0;0;0;0;0;0;0;0;0;0;0;0;0;0;0;0;0;0;0;0
24,6,1768845508.180,1768845508.180,0.000,172.18.135.185,35491,192.168.1.100,80,7,HTTP,,1,54,0,0,0,0,1.000,Upload,0.0,0.0,0,0.0,0,0.0,0,0.0,0,0.0,0,0.0,0,0.0,54,54.0,54,0.0,0,0.0,0,0.0,0,0,0,0,0,0,1,0,0,0,0,0,0,0,1,0,0,0,0,0,0,0,1,0,54,0,,0,,0,,0,,,,,,0;0;0;0;0;0;0;0;0;0;0;0;0;0;0;0;0;0;0;0;0;0;0;0;0;0;0;0;0;0;0;0;0;0;0;0;0;0;0;0;0;0;0;0;0;0;0;0
0,17,1768845490.042,1768845490.188,0.146,172.18.135.185,40195,185.125.190.56,123,9,NTP,,1,90,48,1,90,48,0.000,Mixed,52.7,52.7,145,145.0,145,0.0,0,0.0,0,0.0,0,0.0,0,0.0,90,90.0,90,0.0,90,90.0,90,0.0,0,0,0,0,0,0,0,0,0,0,0,0,0,0,0,0,0,0,0,0,0,0,0,0,0,0,,0,,0,,0,,,,,,0;100;0;0;0;0;0;0;0;0;0;0;0;0;0;0;0;0;0;0;0;0;0;0;0;0;0;0;0;0;0;0;0;0;0;0;0;0;0;0;0;0;0;0;0;0;0;0
36,6,1768845508.721,1768845508.721,0.000,172.18.135.185,41311,192.168.1.100,80,7,HTTP,,1,54,0,0,0,0,1.000,Upload,0.0,0.0,0,0.0,0,0.0,0,0.0,0,0.0,0,0.0,0,0.0,54,54.0,54,0.0,0,0.0,0,0.0,0,0,0,0,0,0,1,0,0,0,0,0,0,0,1,0,0,0,0,0,0,0,1,0,54,0,,0,,0,,0,,,,,,0;0;0;0;0;0;0;0;0;0;0;0;0;0;0;0;0;0;0;0;0;0;0;0;0;0;0;0;0;0;0;0;0;0;0;0;0;0;0;0;0;0;0;0;0;0;0;0
39,6,1768845508.872,1768845508.872,0.000,172.18.135.185,44295,192.168.1.100,80,7,HTTP,,1,54,0,0,0,0,1.000,Upload,0.0,0.0,0,0.0,0,0.0,0,0.0,0,0.0,0,0.0,0,0.0,54,54.0,54,0.0,0,0.0,0,0.0,0,0,0,0,0,0,1,0,0,0,0,0,0,0,1,0,0,0,0,0,0,0,1,0,54,0,,0,,0,,0,,,,,,0;0;0;0;0;0;0;0;0;0;0;0;0;0;0;0;0;0;0;0;0;0;0;0;0;0;0;0;0;0;0;0;0;0;0;0;0;0;0;0;0;0;0;0;0;0;0;0
7,6,1768845507.440,1768845507.440,0.000,172.18.135.185,44745,192.168.1.100,80,7,HTTP,,1,54,0,0,0,0,1.000,Upload,0.0,0.0,0,0.0,0,0.0,0,0.0,0,0.0,0,0.0,0,0.0,54,54.0,54,0.0,0,0.0,0,0.0,0,0,0,0,0,0,1,0,0,0,0,0,0,0,1,0,0,0,0,0,0,0,1,0,54,0,,0,,0,,0,,,,,,0;0;0;0;0;0;0;0;0;0;0;0;0;0;0;0;0;0;0;0;0;0;0;0;0;0;0;0;0;0;0;0;0;0;0;0;0;0;0;0;0;0;0;0;0;0;0;0
3,6,1768845507.312,1768845507.312,0.000,172.18.135.185,45331,192.168.1.100,80,7,HTTP,,1,54,0,0,0,0,1.000,Upload,0.0,0.0,0,0.0,0,0.0,0,0.0,0,0.0,0,0.0,0,0.0,54,54.0,54,0.0,0,0.0,0,0.0,0,0,0,0,0,0,1,0,0,0,0,0,0,0,1,0,0,0,0,0,0,0,1,0,54,0,,0,,0,,0,,,,,,0;0;0;0;0;0;0;0;0;0;0;0;0;0;0;0;0;0;0;0;0;0;0;0;0;0;0;0;0;0;0;0;0;0;0;0;0;0;0;0;0;0;0;0;0;0;0;0
8,6,1768845507.484,1768845507.484,0.000,172.18.135.185,48123,192.168.1.100,80,7,HTTP,,1,54,0,0,0,0,1.000,Upload,0.0,0.0,0,0.0,0,0.0,0,0.0,0,0.0,0,0.0,0,0.0,54,54.0,54,0.0,0,0.0,0,0.0,0,0,0,0,0,0,1,0,0,0,0,0,0,0,1,0,0,0,0,0,0,0,1,0,54,0,,0,,0,,0,,,,,,0;0;0;0;0;0;0;0;0;0;0;0;0;0;0;0;0;0;0;0;0;0;0;0;0;0;0;0;0;0;0;0;0;0;0;0;0;0;0;0;0;0;0;0;0;0;0;0
50,6,1768845509.320,1768845509.320,0.000,172.18.135.185,48005,192.168.1.100,80,7,HTTP,,1,54,0,0,0,0,1.000,Upload,0.0,0.0,0,0.0,0,0.0,0,0.0,0,0.0,0,0.0,0,0.0,54,54.0,54,0.0,0,0.0,0,0.0,0,0,0,0,0,0,1,0,0,0,0,0,0,0,1,0,0,0,0,0,0,0,1,0,54,0,,0,,0,,0,,,,,,0;0;0;0;0;0;0;0;0;0;0;0;0;0;0;0;0;0;0;0;0;0;0;0;0;0;0;0;0;0;0;0;0;0;0;0;0;0;0;0;0;0;0;0;0;0;0;0
32,6,1768845508.533,1768845508.533,0.000,172.18.135.185,48995,192.168.1.100,80,7,HTTP,,1,54,0,0,0,0,1.000,Upload,0.0,0.0,0,0.0,0,0.0,0,0.0,0,0.0,0,0.0,0,0.0,54,54.0,54,0.0,0,0.0,0,0.0,0,0,0,0,0,0,1,0,0,0,0,0,0,0,1,0,0,0,0,0,0,0,1,0,54,0,,0,,0,,0,,,,,,0;0;0;0;0;0;0;0;0;0;0;0;0;0;0;0;0;0;0;0;0;0;0;0;0;0;0;0;0;0;0;0;0;0;0;0;0;0;0;0;0;0;0;0;0;0;0;0
47,6,1768845509.196,1768845509.196,0.000,172.18.135.185,51683,192.168.1.100,80,7,HTTP,,1,54,0,0,0,0,1.000,Upload,0.0,0.0,0,0.0,0,0.0,0,0.0,0,0.0,0,0.0,0,0.0,54,54.0,54,0.0,0,0.0,0,0.0,0,0,0,0,0,0,1,0,0,0,0,0,0,0,1,0,0,0,0,0,0,0,1,0,54,0,,0,,0,,0,,,,,,0;0;0;0;0;0;0;0;0;0;0;0;0;0;0;0;0;0;0;0;0;0;0;0;0;0;0;0;0;0;0;0;0;0;0;0;0;0;0;0;0;0;0;0;0;0;0;0
38,6,1768845508.832,1768845508.832,0.000,172.18.135.185,56081,192.168.1.100,80,7,HTTP,,1,54,0,0,0,0,1.000,Upload,0.0,0.0,0,0.0,0,0.0,0,0.0,0,0.0,0,0.0,0,0.0,54,54.0,54,0.0,0,0.0,0,0.0,0,0,0,0,0,0,1,0,0,0,0,0,0,0,1,0,0,0,0,0,0,0,1,0,54,0,,0,,0,,0,,,,,,0;0;0;0;0;0;0;0;0;0;0;0;0;0;0;0;0;0;0;0;0;0;0;0;0;0;0;0;0;0;0;0;0;0;0;0;0;0;0;0;0;0;0;0;0;0;0;0
56,6,1768845570.089,1768845572.355,2.266,172.18.135.185,60506,185.125.190.81,80,7.169,HTTP.UbuntuONE,archive.ubuntu.com,111,7676,330,111,554020,546686,-0.973,Download,4.3,98.7,1,27.0,320,57.5,0,22.5,321,54.8,0,20.0,320,53.1,66,69.2,232,22.0,66,4991.2,44482,5037.6,0,0,0,221,98,0,2,0,0,0,0,110,2,0,1,0,0,0,0,221,98,0,2,0,74,74,,0,,0,,0,,,,,,0;0;0;0;0;1;0;0;0;0;0;0;0;0;0;0;0;0;0;0;0;0;0;0;0;0;0;0;0;0;0;0;0;0;0;0;0;0;0;0;0;0;0;19;0;0;0;77
15,6,1768845507.800,1768845507.800,0.000,172.18.135.185,60773,192.168.1.100,80,7,HTTP,,1,54,0,0,0,0,1.000,Upload,0.0,0.0,0,0.0,0,0.0,0,0.0,0,0.0,0,0.0,0,0.0,54,54.0,54,0.0,0,0.0,0,0.0,0,0,0,0,0,0,1,0,0,0,0,0,0,0,1,0,0,0,0,0,0,0,1,0,54,0,,0,,0,,0,,,,,,0;0;0;0;0;0;0;0;0;0;0;0;0;0;0;0;0;0;0;0;0;0;0;0;0;0;0;0;0;0;0;0;0;0;0;0;0;0;0;0;0;0;0;0;0;0;0;0
55,17,1768845554.542,1768845554.704,0.162,172.18.135.185,60873,185.125.190.56,123,9,NTP,,1,90,48,1,90,48,0.000,Mixed,52.7,52.7,161,161.0,161,0.0,0,0.0,0,0.0,0,0.0,0,0.0,90,90.0,90,0.0,90,90.0,90,0.0,0,0,0,0,0,0,0,0,0,0,0,0,0,0,0,0,0,0,0,0,0,0,0,0,0,0,,0,,0,,0,,,,,,0;100;0;0;0;0;0;0;0;0;0;0;0;0;0;0;0;0;0;0;0;0;0;0;0;0;0;0;0;0;0;0;0;0;0;0;0;0;0;0;0;0;0;0;0;0;0;0
22,6,1768845508.092,1768845508.092,0.000,172.18.135.185,63207,192.168.1.100,80,7,HTTP,,1,54,0,0,0,0,1.000,Upload,0.0,0.0,0,0.0,0,0.0,0,0.0,0,0.0,0,0.0,0,0.0,54,54.0,54,0.0,0,0.0,0,0.0,0,0,0,0,0,0,1,0,0,0,0,0,0,0,1,0,0,0,0,0,0,0,1,0,54,0,,0,,0,,0,,,,,,0;0;0;0;0;0;0;0;0;0;0;0;0;0;0;0;0;0;0;0;0;0;0;0;0;0;0;0;0;0;0;0;0;0;0;0;0;0;0;0;0;0;0;0;0;0;0;0
12,6,1768845507.660,1768845507.660,0.000,172.18.135.185,64465,192.168.1.100,80,7,HTTP,,1,54,0,0,0,0,1.000,Upload,0.0,0.0,0,0.0,0,0.0,0,0.0,0,0.0,0,0.0,0,0.0,54,54.0,54,0.0,0,0.0,0,0.0,0,0,0,0,0,0,1,0,0,0,0,0,0,0,1,0,0,0,0,0,0,0,1,0,54,0,,0,,0,,0,,,,,,0;0;0;0;0;0;0;0;0;0;0;0;0;0;0;0;0;0;0;0;0;0;0;0;0;0;0;0;0;0;0;0;0;0;0;0;0;0;0;0;0;0;0;0;0;0;0;0
31,6,1768845508.480,1768845508.480,0.000,172.18.135.185,1624,192.168.1.100,80,7,HTTP,,1,54,0,0,0,0,1.000,Upload,0.0,0.0,0,0.0,0,0.0,0,0.0,0,0.0,0,0.0,0,0.0,54,54.0,54,0.0,0,0.0,0,0.0,0,0,0,0,0,0,1,0,0,0,0,0,0,0,1,0,0,0,0,0,0,0,1,0,54,0,,0,,0,,0,,,,,,0;0;0;0;0;0;0;0;0;0;0;0;0;0;0;0;0;0;0;0;0;0;0;0;0;0;0;0;0;0;0;0;0;0;0;0;0;0;0;0;0;0;0;0;0;0;0;0
5,6,1768845507.396,1768845507.396,0.000,172.18.135.185,6390,192.168.1.100,80,7,HTTP,,1,54,0,0,0,0,1.000,Upload,0.0,0.0,0,0.0,0,0.0,0,0.0,0,0.0,0,0.0,0,0.0,54,54.0,54,0.0,0,0.0,0,0.0,0,0,0,0,0,0,1,0,0,0,0,0,0,0,1,0,0,0,0,0,0,0,1,0,54,0,,0,,0,,0,,,,,,0;0;0;0;0;0;0;0;0;0;0;0;0;0;0;0;0;0;0;0;0;0;0;0;0;0;0;0;0;0;0;0;0;0;0;0;0;0;0;0;0;0;0;0;0;0;0;0
46,6,1768845509.160,1768845509.160,0.000,172.18.135.185,10000,192.168.1.100,80,7,HTTP,,1,54,0,0,0,0,1.000,Upload,0.0,0.0,0,0.0,0,0.0,0,0.0,0,0.0,0,0.0,0,0.0,54,54.0,54,0.0,0,0.0,0,0.0,0,0,0,0,0,0,1,0,0,0,0,0,0,0,1,0,0,0,0,0,0,0,1,0,54,0,,0,,0,,0,,,,,,0;0;0;0;0;0;0;0;0;0;0;0;0;0;0;0;0;0;0;0;0;0;0;0;0;0;0;0;0;0;0;0;0;0;0;0;0;0;0;0;0;0;0;0;0;0;0;0
13,6,1768845507.704,1768845507.704,0.000,172.18.135.185,16778,192.168.1.100,80,7,HTTP,,1,54,0,0,0,0,1.000,Upload,0.0,0.0,0,0.0,0,0.0,0,0.0,0,0.0,0,0.0,0,0.0,54,54.0,54,0.0,0,0.0,0,0.0,0,0,0,0,0,0,1,0,0,0,0,0,0,0,1,0,0,0,0,0,0,0,1,0,54,0,,0,,0,,0,,,,,,0;0;0;0;0;0;0;0;0;0;0;0;0;0;0;0;0;0;0;0;0;0;0;0;0;0;0;0;0;0;0;0;0;0;0;0;0;0;0;0;0;0;0;0;0;0;0;0
52,6,1768845509.400,1768845509.400,0.000,172.18.135.185,17124,192.168.1.100,80,7,HTTP,,1,54,0,0,0,0,1.000,Upload,0.0,0.0,0,0.0,0,0.0,0,0.0,0,0.0,0,0.0,0,0.0,54,54.0,54,0.0,0,0.0,0,0.0,0,0,0,0,0,0,1,0,0,0,0,0,0,0,1,0,0,0,0,0,0,0,1,0,54,0,,0,,0,,0,,,,,,0;0;0;0;0;0;0;0;0;0;0;0;0;0;0;0;0;0;0;0;0;0;0;0;0;0;0;0;0;0;0;0;0;0;0;0;0;0;0;0;0;0;0;0;0;0;0;0
27,6,1768845508.316,1768845508.316,0.000,172.18.135.185,23194,192.168.1.100,80,7,HTTP,,1,54,0,0,0,0,1.000,Upload,0.0,0.0,0,0.0,0,0.0,0,0.0,0,0.0,0,0.0,0,0.0,54,54.0,54,0.0,0,0.0,0,0.0,0,0,0,0,0,0,1,0,0,0,0,0,0,0,1,0,0,0,0,0,0,0,1,0,54,0,,0,,0,,0,,,,,,0;0;0;0;0;0;0;0;0;0;0;0;0;0;0;0;0;0;0;0;0;0;0;0;0;0;0;0;0;0;0;0;0;0;0;0;0;0;0;0;0;0;0;0;0;0;0;0
11,6,1768845507.617,1768845507.617,0.000,172.18.135.185,27528,192.168.1.100,80,7,HTTP,,1,54,0,0,0,0,1.000,Upload,0.0,0.0,0,0.0,0,0.0,0,0.0,0,0.0,0,0.0,0,0.0,54,54.0,54,0.0,0,0.0,0,0.0,0,0,0,0,0,0,1,0,0,0,0,0,0,0,1,0,0,0,0,0,0,0,1,0,54,0,,0,,0,,0,,,,,,0;0;0;0;0;0;0;0;0;0;0;0;0;0;0;0;0;0;0;0;0;0;0;0;0;0;0;0;0;0;0;0;0;0;0;0;0;0;0;0;0;0;0;0;0;0;0;0
26,6,1768845508.268,1768845508.268,0.000,172.18.135.185,29272,192.168.1.100,80,7,HTTP,,1,54,0,0,0,0,1.000,Upload,0.0,0.0,0,0.0,0,0.0,0,0.0,0,0.0,0,0.0,0,0.0,54,54.0,54,0.0,0,0.0,0,0.0,0,0,0,0,0,0,1,0,0,0,0,0,0,0,1,0,0,0,0,0,0,0,1,0,54,0,,0,,0,,0,,,,,,0;0;0;0;0;0;0;0;0;0;0;0;0;0;0;0;0;0;0;0;0;0;0;0;0;0;0;0;0;0;0;0;0;0;0;0;0;0;0;0;0;0;0;0;0;0;0;0
54,17,1768845522.292,1768845522.467,0.175,172.18.135.185,34080,185.125.190.56,123,9,NTP,,1,90,48,1,90,48,0.000,Mixed,52.7,52.7,175,175.0,175,0.0,0,0.0,0,0.0,0,0.0,0,0.0,90,90.0,90,0.0,90,90.0,90,0.0,0,0,0,0,0,0,0,0,0,0,0,0,0,0,0,0,0,0,0,0,0,0,0,0,0,0,,0,,0,,0,,,,,,0;100;0;0;0;0;0;0;0;0;0;0;0;0;0;0;0;0;0;0;0;0;0;0;0;0;0;0;0;0;0;0;0;0;0;0;0;0;0;0;0;0;0;0;0;0;0;0
42,6,1768845509.000,1768845509.000,0.000,172.18.135.185,36072,192.168.1.100,80,7,HTTP,,1,54,0,0,0,0,1.000,Upload,0.0,0.0,0,0.0,0,0.0,0,0.0,0,0.0,0,0.0,0,0.0,54,54.0,54,0.0,0,0.0,0,0.0,0,0,0,0,0,0,1,0,0,0,0,0,0,0,1,0,0,0,0,0,0,0,1,0,54,0,,0,,0,,0,,,,,,0;0;0;0;0;0;0;0;0;0;0;0;0;0;0;0;0;0;0;0;0;0;0;0;0;0;0;0;0;0;0;0;0;0;0;0;0;0;0;0;0;0;0;0;0;0;0;0
